{"cameraMode":{"drawMode":0,"name":"Shaded","section":"Shading Mode"},"sceneLighting":false,"audioPlay":false,"sceneViewState":{"showFog":true,"showMaterialUpdate":false,"showSkybox":false,"showFlares":true,"showImageEffects":true,"showParticleSystems":true},"in2DMode":false,"pivot":{"x":0.0,"y":-0.000013828277587890625,"z":33.999996185302737},"rotation":{"x":0.35980677604675295,"y":0.08538591116666794,"z":-0.032607369124889377,"w":0.9286264181137085},"size":7.890249729156494,"orthographic":false}