{"cameraMode":{"drawMode":0,"name":"Shaded","section":"Shading Mode"},"sceneLighting":false,"audioPlay":false,"sceneViewState":{"showFog":true,"showMaterialUpdate":false,"showSkybox":false,"showFlares":true,"showImageEffects":true,"showParticleSystems":true},"in2DMode":false,"pivot":{"x":-2.8941848278045656,"y":3.308913230895996,"z":0.4752083718776703},"rotation":{"x":0.15212228894233704,"y":0.6735202670097351,"z":-0.14385460317134858,"w":0.7090272903442383},"size":5.651059627532959,"orthographic":false}