{"cameraMode":{"drawMode":0,"name":"Shaded","section":"Shading Mode"},"sceneLighting":false,"audioPlay":false,"sceneViewState":{"showFog":true,"showMaterialUpdate":false,"showSkybox":false,"showFlares":true,"showImageEffects":true,"showParticleSystems":true},"in2DMode":false,"pivot":{"x":1.1424514055252076,"y":1.461768627166748,"z":1.0777429342269898},"rotation":{"x":0.35980677604675295,"y":0.08538591116666794,"z":-0.032607369124889377,"w":0.9286264181137085},"size":3.9894890785217287,"orthographic":false}