{"cameraMode":{"drawMode":0,"name":"Shaded","section":"Shading Mode"},"sceneLighting":false,"audioPlay":false,"sceneViewState":{"showFog":true,"showMaterialUpdate":false,"showSkybox":false,"showFlares":true,"showImageEffects":true,"showParticleSystems":true},"in2DMode":false,"pivot":{"x":-2.148221254348755,"y":-1.1684796810150147,"z":1.900286316871643},"rotation":{"x":0.0684826597571373,"y":-0.9086748361587524,"z":0.16608087718486787,"w":0.37712109088897707},"size":6.092108249664307,"orthographic":false}