{"cameraMode":{"drawMode":0,"name":"Shaded","section":"Shading Mode"},"sceneLighting":false,"audioPlay":false,"sceneViewState":{"showFog":true,"showMaterialUpdate":false,"showSkybox":false,"showFlares":true,"showImageEffects":true,"showParticleSystems":true},"in2DMode":false,"pivot":{"x":0.5105754733085632,"y":0.27143239974975588,"z":-0.06691272556781769},"rotation":{"x":0.19624321162700654,"y":0.3212777376174927,"z":-0.06774158775806427,"w":0.9240348935127258},"size":1.8894894123077393,"orthographic":false}